{
 "Aruba": "Aruba",
 "American Samoa": "American Samoa",
 "Antarctica": "Antarctica",
 "Bahamas, The": "Bahamas",
 "Myanmar (Burma)": "Burma",
 "Byelarus": "Belarus",
 "Bouvet Island": "Bouvet Island",
 "Zaire": "Zaire",
 "Cocos (Keeling) Islands": "Cocos (Keeling) Islands",
 "Northern Mariana Islands": "Northern Mariana Islands",
 "Cape Verde": "Capo Verde",
 "Cook Islands": "Cook Islands",
 "Jarvis Island": "Jarvis Island",
 "Czech Republic": "Czechia",
 "Falkland Islands (Islas Malvinas)": "Falkland Islands Malvinas",
 "Federated States of Micronesia": "Federated States of Micronesia",
 "Baker Island": "Baker Island",
 "French Southern & Antarctic Lands": "French Southern & Antarctic Lands",
 "Gambia, The": "Gambia",
 "Guernsey": "Guernsey",
 "Glorioso Islands": "Glorioso Islands",
 "Guam": "Guam",
 "Gaza Strip": "West Bank and Gaza",
 "Heard Island & McDonald Islands": "Heard Island & McDonald Islands",
 "Howland Island": "Howland Island",
 "Man, Isle of": "Isle of Man",
 "British Indian Ocean Territory": "British Indian Ocean Territory",
 "Ivory Coast": "Cote d'Ivoire",
 "Jersey": "Jersey",
 "Jan Mayen": "Jan Mayen",
 "Johnston Atoll": "Johnston Atoll",
 "Juan De Nova Island": "Juan De Nova Island",
 "North Korea": "North Korea",
 "Kiribati": "Kiribati",
 "South Korea": "Korea, South",
 "Christmas Island": "Christmas Island",
 "Midway Islands": "Midway Islands",
 "Niue": "Niue",
 "Norfolk Island": "Norfolk Island",
 "Vanuatu": "Vanuatu",
 "Nauru": "Nauru",
 "Netherlands Antilles": "Netherlands Antilles",
 "Pitcairn Islands": "Pitcairn Islands",
 "Paracel Islands": "Paracel Islands",
 "Spratly Islands": "Spratly Islands",
 "Pacific Islands (Palau)": "Pacific Islands (Palau)",
 "Puerto Rico": "Puerto Rico",
 "St. Pierre and Miquelon": "Saint Pierre and Miquelon",
 "St. Kitts and Nevis": "Saint Kitts and Nevis",
 "St. Helena": "St. Helena",
 "St. Lucia": "Saint Lucia",
 "Svalbard": "Svalbard",
 "South Georgia and the South Sandwich Is": "South Georgia and the South Sandwich Is",
 "Tokelau": "Tokelau",
 "Tonga": "Tonga",
 "Tuvalu": "Tuvalu",
 "Turkmenistan": "Turkmenistan",
 "Tanzania, United Republic of": "Tanzania",
 "United States": "US",
 "St. Vincent and the Grenadines": "Saint Vincent and the Grenadines",
 "Wallis and Futuna": "Wallis and Futuna",
 "Wake Island": "Wake Island",
 "Western Samoa": "Western Samoa",
 "Swaziland": "Swaziland"
}
